Avg.MSE,SD
125751.04985858871,6155.322916574651
119897.98105800469,2484.7016064779555
119248.30225191147,1806.36235149192
